mmsi,latitude,longitude,header_sec,header_nanosec,bag_name
203245328,43.41493833333333,16.152111666666666,1749302627,559403393,blue_lagoon_imu
238134010,43.401165,16.18894,1749302628,390386771,blue_lagoon_imu
238134010,43.400866666666666,16.188958333333332,1749302634,277372653,blue_lagoon_imu
203247262,43.414685,16.157571666666666,1749302635,317226673,blue_lagoon_imu
538072144,43.366778333333336,16.183586666666667,1749302635,988884322,blue_lagoon_imu
238066340,43.475318333333334,16.21186,1749302636,996824459,blue_lagoon_imu
238134010,43.400623333333336,16.18897,1749302639,716275285,blue_lagoon_imu
232016168,43.41023333333333,16.130106666666666,1749302640,916131140,blue_lagoon_imu
238134010,43.400326666666665,16.188983333333333,1749302645,683268469,blue_lagoon_imu
538072144,43.36737333333333,16.183716666666665,1749302646,626991853,blue_lagoon_imu
238134010,43.39997833333334,16.189011666666666,1749302652,417651276,blue_lagoon_imu
538072144,43.367961666666666,16.18384,1749302655,665070929,blue_lagoon_imu
203245328,43.41469166666667,16.15299,1749302656,65433056,blue_lagoon_imu
232016168,43.409823333333335,16.131063333333334,1749302671,945578886,blue_lagoon_imu
203245328,43.414425,16.154005,1749302687,558937116,blue_lagoon_imu
238134010,43.39819833333333,16.189008333333334,1749302688,390110113,blue_lagoon_imu
238134010,43.39790333333333,16.18898,1749302694,277093968,blue_lagoon_imu
203247262,43.41419166666667,16.159828333333333,1749302695,317025810,blue_lagoon_imu
538072144,43.37023666666666,16.18421,1749302695,557396976,blue_lagoon_imu
238134010,43.39765833333333,16.188943333333334,1749302699,715957171,blue_lagoon_imu
232016168,43.409385,16.132068333333333,1749302704,914915498,blue_lagoon_imu
538072144,43.37087,16.184298333333334,1749302706,626779448,blue_lagoon_imu
229000563,43.43456666666667,16.149165,1749302710,450112299,blue_lagoon_imu
238134010,43.397018333333335,16.188826666666667,1749302712,417521632,blue_lagoon_imu
538072144,43.371446666666664,16.184378333333335,1749302715,664755836,blue_lagoon_imu
203245328,43.41419833333333,16.154893333333334,1749302716,64545637,blue_lagoon_imu
538072144,43.37253166666667,16.18454,1749302735,261278774,blue_lagoon_imu
238066340,43.473056666666665,16.215655,1749302738,220253785,blue_lagoon_imu
238850640,43.457145,16.197913333333332,1749302738,460061179,blue_lagoon_imu
238134010,43.39561666666667,16.188391666666668,1749302741,723312275,blue_lagoon_imu
238134010,43.39542333333333,16.18831,1749302745,210559708,blue_lagoon_imu
538072144,43.37309833333333,16.184646666666666,1749302745,338289152,blue_lagoon_imu
238322040,43.51459833333333,16.23166833333333,1749302746,170231981,blue_lagoon_imu
203245328,43.41393333333333,16.155906666666667,1749302747,562076420,blue_lagoon_imu
238134010,43.39528333333333,16.188246666666668,1749302748,377900775,blue_lagoon_imu
238066340,43.47280333333333,16.216063333333334,1749302748,858481001,blue_lagoon_imu
238396340,43.51502333333333,16.231076666666667,1749302751,1275635,blue_lagoon_imu
238134010,43.394998333333334,16.188126666666665,1749302754,681077401,blue_lagoon_imu
203247262,43.413693333333335,16.162116666666666,1749302755,321150095,blue_lagoon_imu
538072144,43.37366333333333,16.184765,1749302755,561066340,blue_lagoon_imu
238858440,43.46557166666667,16.227345,1749302755,736439674,blue_lagoon_imu
238134010,43.39490166666667,16.188091666666665,1749302756,200347285,blue_lagoon_imu
238066340,43.472615,16.216363333333334,1749302757,281531,blue_lagoon_imu
238396340,43.51503,16.231088333333332,1749302759,879682995,blue_lagoon_imu
232016168,43.40863,16.133805,1749302761,431444592,blue_lagoon_imu
238605740,43.474531666666664,16.203398333333332,1749302763,286938178,blue_lagoon_imu
538072144,43.374291666666664,16.184893333333335,1749302766,630391877,blue_lagoon_imu
238066340,43.472361666666664,16.216771666666666,1749302767,430045358,blue_lagoon_imu
238396340,43.51502333333333,16.231088333333332,1749302770,709339384,blue_lagoon_imu
238850640,43.456028333333336,16.197465,1749302771,477133476,blue_lagoon_imu
238134010,43.394125,16.187856666666665,1749302772,405161012,blue_lagoon_imu
538072144,43.374855,16.185011666666668,1749302775,668444505,blue_lagoon_imu
203245328,43.4137,16.1568,1749302776,68504199,blue_lagoon_imu
238322040,43.51459833333333,16.231676666666665,1749302776,244106191,blue_lagoon_imu
238066340,43.47210166666667,16.217171666666665,1749302778,515738732,blue_lagoon_imu
238605740,43.474135,16.203166666666668,1749302792,976638598,blue_lagoon_imu
203245328,43.41343,16.157821666666667,1749302807,549707784,blue_lagoon_imu
238066340,43.471385,16.21824,1749302808,861792712,blue_lagoon_imu
238396340,43.515033333333335,16.231095,1749302810,989468180,blue_lagoon_imu
244029246,91.0,181.0,1749302813,21009978,blue_lagoon_imu
203247262,43.41323166666667,16.164391666666667,1749302814,380377763,blue_lagoon_imu
538072144,43.377023333333334,16.185463333333335,1749302815,563941139,blue_lagoon_imu
238858440,43.46446,16.229091666666665,1749302815,740628503,blue_lagoon_imu
238134010,43.391936666666666,16.187746666666666,1749302816,187766776,blue_lagoon_imu
238322040,43.51459833333333,16.23168,1749302816,651811649,blue_lagoon_imu
238066340,43.471158333333335,16.218606666666666,1749302818,763296110,blue_lagoon_imu
232016168,43.40783666666667,16.135691666666666,1749302822,779075560,blue_lagoon_imu
238605740,43.47373833333333,16.202933333333334,1749302823,291108759,blue_lagoon_imu
238134010,43.391488333333335,16.187763333333333,1749302826,138379251,blue_lagoon_imu
538072144,43.377635,16.185598333333335,1749302826,633881743,blue_lagoon_imu
238066340,43.47094666666667,16.21894,1749302827,426610552,blue_lagoon_imu
238396340,43.51503,16.23107,1749302830,706149726,blue_lagoon_imu
238850640,43.45393333333333,16.196638333333333,1749302831,474425582,blue_lagoon_imu
238134010,43.390991666666665,16.187773333333332,1749302835,216982428,blue_lagoon_imu
538072144,43.378188333333334,16.185708333333334,1749302835,665383332,blue_lagoon_imu
203245328,43.41319333333333,16.158726666666666,1749302836,65418208,blue_lagoon_imu
238702640,43.514665,16.231593333333333,1749302837,232606911,blue_lagoon_imu
238066340,43.4707,16.21935,1749302838,512349459,blue_lagoon_imu
238396340,43.51503,16.23108,1749302840,432407016,blue_lagoon_imu
238605740,43.47334333333333,16.202693333333333,1749302852,974049170,blue_lagoon_imu
261034450,43.46355833333333,16.234111666666667,1749302867,210358042,blue_lagoon_imu
203245328,43.412935,16.159771666666668,1749302867,562477321,blue_lagoon_imu
238066340,43.47002,16.220468333333333,1749302868,859168894,blue_lagoon_imu
238396340,43.51503666666667,16.231073333333335,1749302869,722316895,blue_lagoon_imu
203247262,43.412751666666665,16.166708333333332,1749302874,377020562,blue_lagoon_imu
538072144,43.38030666666667,16.186098333333334,1749302875,561348194,blue_lagoon_imu
238858440,43.46335,16.230831666666667,1749302876,57686325,blue_lagoon_imu
238322040,43.51459833333333,16.231676666666665,1749302876,648474170,blue_lagoon_imu
238107340,43.46073333333333,16.215946666666667,1749302876,888368844,blue_lagoon_imu
238066340,43.46979833333334,16.22085,1749302878,760827575,blue_lagoon_imu
238396340,43.515033333333335,16.231076666666667,1749302880,776230668,blue_lagoon_imu
232016168,43.407091666666666,16.137488333333334,1749302881,31534953,blue_lagoon_imu
238605740,43.472966666666665,16.202445,1749302883,292911296,blue_lagoon_imu
238134010,43.38849333333334,16.187933333333334,1749302886,139560980,blue_lagoon_imu
538072144,43.38090166666667,16.186193333333332,1749302886,619408010,blue_lagoon_imu
238066340,43.469593333333336,16.221191666666666,1749302887,419312352,blue_lagoon_imu
238201000,43.41465,16.418113333333334,1749302890,490583850,blue_lagoon_imu
238396340,43.51503,16.231076666666667,1749302890,698478724,blue_lagoon_imu
238850640,43.45182666666667,16.195778333333333,1749302891,482203357,blue_lagoon_imu
248000196,43.51251166666667,16.23872,1749302891,610154206,blue_lagoon_imu
238134010,43.38798666666667,16.18801,1749302895,209723181,blue_lagoon_imu
538072144,43.38143,16.186278333333334,1749302895,658015816,blue_lagoon_imu
203245328,43.412706666666665,16.160695,1749302896,58161125,blue_lagoon_imu
238066340,43.46940166666667,16.221536666666665,1749302897,193218526,blue_lagoon_imu
238396340,43.51503,16.231081666666668,1749302900,441004901,blue_lagoon_imu
232016168,43.40667833333333,16.13847833333333,1749302912,838163198,blue_lagoon_imu
238605740,43.47257,16.202205,1749302912,966199489,blue_lagoon_imu
538072144,43.38242,16.186438333333335,1749302915,269520824,blue_lagoon_imu
238134010,43.38699166666667,16.188201666666668,1749302915,606012946,blue_lagoon_imu
238322040,43.51459833333333,16.231673333333333,1749302917,29198039,blue_lagoon_imu
238066340,43.46892833333333,16.222335,1749302917,509266914,blue_lagoon_imu
238850640,43.45088666666667,16.195405,1749302918,469004870,blue_lagoon_imu
319051600,43.51007,16.245851666666667,1749302919,764795512,blue_lagoon_imu
238396340,43.51503,16.231081666666668,1749302920,36637103,blue_lagoon_imu
238613410,43.472698333333334,16.299633333333333,1749302925,76152263,blue_lagoon_imu
238134010,43.386496666666666,16.188291666666668,1749302925,203587137,blue_lagoon_imu
538072144,43.382931666666664,16.186525,1749302925,347707746,blue_lagoon_imu
238066340,43.46872666666667,16.222678333333334,1749302927,155612210,blue_lagoon_imu
261034450,43.46225333333334,16.236773333333332,1749302927,539056959,blue_lagoon_imu
238396340,43.515033333333335,16.231081666666668,1749302929,714704848,blue_lagoon_imu
203247262,43.41220833333333,16.169078333333335,1749302934,385803166,blue_lagoon_imu
238613410,43.47275166666667,16.300163333333334,1749302935,121610795,blue_lagoon_imu
538072144,43.38343,16.186615,1749302935,553673842,blue_lagoon_imu
238322040,43.51459833333333,16.231681666666667,1749302936,657992751,blue_lagoon_imu
238702640,43.51466,16.231608333333334,1749302937,537147829,blue_lagoon_imu
238066340,43.468455,16.223125,1749302938,752861775,blue_lagoon_imu
238396340,43.51503666666667,16.231078333333333,1749302940,784850396,blue_lagoon_imu
518998278,43.51453166666667,16.233778333333333,1749302941,72481807,blue_lagoon_imu
238134010,43.385495,16.188455,1749302946,143862513,blue_lagoon_imu
538072144,43.38398333333333,16.186713333333334,1749302946,623144010,blue_lagoon_imu
238702640,43.51466,16.231601666666666,1749302946,782941193,blue_lagoon_imu
238066340,43.46827833333333,16.223421666666667,1749302947,231036735,blue_lagoon_imu
238529240,43.51447666666667,16.236171666666667,1749302950,654655177,blue_lagoon_imu
238850640,43.449731666666665,16.194931666666665,1749302951,470847778,blue_lagoon_imu
238613410,43.472851666666664,16.301183333333334,1749302954,301526561,blue_lagoon_imu
238134010,43.384998333333336,16.18854,1749302955,213478398,blue_lagoon_imu
238066340,43.468048333333336,16.22379,1749302957,181513067,blue_lagoon_imu
238107340,43.45887666666667,16.217238333333334,1749302972,490480666,blue_lagoon_imu
238858440,43.461558333333336,16.23364,1749302972,682329846,blue_lagoon_imu
238605740,43.47183,16.201456666666665,1749302972,970302442,blue_lagoon_imu
261034450,43.46093166666667,16.239328333333333,1749302987,46941433,blue_lagoon_imu
238066340,43.467346666666664,16.224886666666666,1749302987,159133240,blue_lagoon_imu
203245328,43.41199666666667,16.163716666666666,1749302987,558994245,blue_lagoon_imu
238107340,43.45859166666666,16.217433333333332,1749302987,990687840,blue_lagoon_imu
238702640,43.514665,16.231583333333333,1749302988,407118161,blue_lagoon_imu
238396340,43.51503666666667,16.231081666666668,1749302989,718487206,blue_lagoon_imu
244029246,91.0,181.0,1749302993,109849455,blue_lagoon_imu
203247262,43.41159,16.171276666666667,1749302994,389566873,blue_lagoon_imu
238134010,43.38287,16.189071666666667,1749302995,445331964,blue_lagoon_imu
538072144,43.38637833333333,16.187056666666667,1749302995,557381881,blue_lagoon_imu
238322040,43.51459833333333,16.231685,1749302996,645103177,blue_lagoon_imu
238702640,43.51466166666667,16.231586666666665,1749302997,524881400,blue_lagoon_imu
238066340,43.46707166666667,16.225325,1749302998,757139107,blue_lagoon_imu
238107340,43.45827166666667,16.217651666666665,1749303003,235643616,blue_lagoon_imu
238605740,43.471325,16.20109666666667,1749303003,795663735,blue_lagoon_imu
238858440,43.46098,16.23453,1749303004,387367491,blue_lagoon_imu
256002779,43.480691666666665,16.234861666666667,1749303005,251415660,blue_lagoon_imu
238613410,43.47307833333333,16.304028333333335,1749303006,163115786,blue_lagoon_imu
538072144,43.3869,16.187123333333332,1749303006,626846564,blue_lagoon_imu
238322040,43.51459833333333,16.231683333333333,1749303007,122901537,blue_lagoon_imu
238066340,43.46688666666667,16.225618333333333,1749303007,234617030,blue_lagoon_imu
238850640,43.4477,16.1939,1749303010,418063441,blue_lagoon_imu
238396340,43.51503,16.231095,1749303010,706103017,blue_lagoon_imu
238613410,43.47311,16.304465,1749303014,305422779,blue_lagoon_imu
538072144,43.387315,16.18719,1749303015,265760660,blue_lagoon_imu
203245328,43.411791666666666,16.164645,1749303016,65389438,blue_lagoon_imu
238322040,43.51459833333333,16.23168,1749303016,576958591,blue_lagoon_imu
238066340,43.46666,16.225988333333333,1749303017,184731539,blue_lagoon_imu
238858440,43.46071333333333,16.23492,1749303017,872977468,blue_lagoon_imu
238107340,43.45769666666666,16.218036666666666,1749303032,485754888,blue_lagoon_imu
238613410,43.473213333333334,16.305573333333335,1749303035,285002256,blue_lagoon_imu
538072144,43.388261666666665,16.187365,1749303036,549224433,blue_lagoon_imu
238066340,43.466195,16.226783333333334,1749303037,509044014,blue_lagoon_imu
238850640,43.446733333333334,16.193381666666667,1749303038,469062409,blue_lagoon_imu
538072144,43.388646666666666,16.187431666666665,1749303045,187794842,blue_lagoon_imu
238201000,43.40256333333333,16.416125,1749303046,226914022,blue_lagoon_imu
203245328,43.41155833333333,16.165666666666667,1749303046,514925075,blue_lagoon_imu
238066340,43.46599666666667,16.227133333333335,1749303047,155516725,blue_lagoon_imu
238858440,43.46015666666667,16.235743333333332,1749303047,556203914,blue_lagoon_imu
238702640,43.51466833333333,16.231593333333333,1749303047,794497411,blue_lagoon_imu
203247262,43.41096666666667,16.173483333333333,1749303054,385427314,blue_lagoon_imu
538072144,43.38906,16.18751,1749303055,553141561,blue_lagoon_imu
238066340,43.465738333333334,16.227593333333335,1749303058,752311773,blue_lagoon_imu
238107340,43.45706,16.218448333333335,1749303063,231395450,blue_lagoon_imu
238605740,43.470303333333334,16.20042,1749303063,791233951,blue_lagoon_imu
238858440,43.45984333333333,16.236238333333333,1749303064,415060803,blue_lagoon_imu
538072144,43.38946,16.187593333333332,1749303065,375370391,blue_lagoon_imu
238066340,43.465558333333334,16.2279,1749303067,230556985,blue_lagoon_imu
238396340,43.51504666666667,16.231088333333332,1749303070,701783717,blue_lagoon_imu
538072144,43.389846666666664,16.187686666666668,1749303075,260930542,blue_lagoon_imu
238066340,43.46534666666667,16.22829,1749303077,180397423,blue_lagoon_imu
203245328,43.41130833333333,16.166691666666665,1749303077,404751529,blue_lagoon_imu
238605740,43.469805,16.200086666666667,1749303092,697909747,blue_lagoon_imu
238066340,43.464681666666664,16.22942,1749303107,159042684,blue_lagoon_imu
238858440,43.45903,16.237465,1749303107,589973524,blue_lagoon_imu
238107340,43.45614666666667,16.219045,1749303107,989965917,blue_lagoon_imu
203247262,43.41032666666667,16.175646666666665,1749303114,884770100,blue_lagoon_imu
238613410,43.47360666666667,16.30978,1749303115,124658491,blue_lagoon_imu
538072144,43.3913,16.188088333333333,1749303115,557085820,blue_lagoon_imu
238066340,43.464435,16.22983,1749303118,84107807,blue_lagoon_imu
238107340,43.45581166666667,16.219265,1749303123,235043208,blue_lagoon_imu
238605740,43.46922,16.200026666666666,1749303123,795041561,blue_lagoon_imu
538072144,43.39163833333333,16.188196666666666,1749303125,378387393,blue_lagoon_imu
238066340,43.464243333333336,16.230166666666666,1749303127,234351936,blue_lagoon_imu
238670040,43.473971666666664,16.258643333333332,1749303127,362351727,blue_lagoon_imu
238850640,43.443565,16.19166,1749303130,417672893,blue_lagoon_imu
203245328,43.410783333333335,16.16868,1749303137,392047687,blue_lagoon_imu
238858440,43.45844833333334,16.238363333333332,1749303137,936038499,blue_lagoon_imu
238107340,43.455178333333336,16.219673333333333,1749303152,493132012,blue_lagoon_imu
238858440,43.45816666666666,16.238791666666668,1749303152,765112184,blue_lagoon_imu
538072144,43.392665,16.188535,1749303156,540314205,blue_lagoon_imu
238066340,43.463548333333335,16.231325,1749303157,932201864,blue_lagoon_imu
238850640,43.442525,16.191073333333332,1749303160,139416021,blue_lagoon_imu
538072144,43.39295666666667,16.188636666666667,1749303165,177477774,blue_lagoon_imu
203245328,43.41054333333334,16.169643333333333,1749303166,521297973,blue_lagoon_imu
238066340,43.46335333333333,16.231663333333334,1749303167,161061164,blue_lagoon_imu
244029246,91.0,181.0,1749303171,658021227,blue_lagoon_imu
203247262,43.40969333333334,16.177866666666667,1749303174,887339148,blue_lagoon_imu
538072144,43.39335,16.188776666666666,1749303176,726995938,blue_lagoon_imu
238066340,43.46310666666667,16.23208,1749303178,86792066,blue_lagoon_imu
232016168,43.40326666666667,16.146806666666667,1749303182,778911647,blue_lagoon_imu
238107340,43.45448666666667,16.220108333333332,1749303183,242675387,blue_lagoon_imu
538072144,43.39360666666666,16.188876666666665,1749303185,363403089,blue_lagoon_imu
238066340,43.46286333333333,16.232501666666668,1749303188,674553572,blue_lagoon_imu
238201000,43.39153666666667,16.414211666666667,1749303189,842371636,blue_lagoon_imu
238850640,43.441478333333336,16.190503333333332,1749303190,417996628,blue_lagoon_imu
238396340,43.51503666666667,16.231085,1749303190,562241589,blue_lagoon_imu
538072144,43.393926666666665,16.189003333333332,1749303194,897271111,blue_lagoon_imu
238066340,43.462695,16.232805,1749303196,993109146,blue_lagoon_imu
203245328,43.41027833333333,16.17066,1749303197,393068003,blue_lagoon_imu
238858440,43.457325,16.240073333333335,1749303197,937088338,blue_lagoon_imu
238107340,43.45381833333333,16.2205,1749303212,493729576,blue_lagoon_imu
238605740,43.467545,16.20108,1749303212,701795492,blue_lagoon_imu
238066340,43.462028333333336,16.233928333333335,1749303227,163071134,blue_lagoon_imu
238396340,43.51503,16.23109,1749303230,298429607,blue_lagoon_imu
203247262,43.409085,16.180066666666665,1749303234,889144335,blue_lagoon_imu
538072144,43.39520666666667,16.189605,1749303236,728873742,blue_lagoon_imu
238322040,43.514605,16.231685,1749303237,80746443,blue_lagoon_imu
238702640,43.514671666666665,16.231601666666666,1749303237,528798471,blue_lagoon_imu
238396340,43.515033333333335,16.231081666666668,1749303239,880137060,blue_lagoon_imu
232016168,43.40251166666667,16.148668333333333,1749303241,335966532,blue_lagoon_imu
238605740,43.46707166666667,16.201763333333332,1749303243,47471482,blue_lagoon_imu
538072144,43.39541833333333,16.189725,1749303245,367177023,blue_lagoon_imu
238066340,43.46154833333333,16.234768333333335,1749303248,678361433,blue_lagoon_imu
238396340,43.51503,16.231083333333334,1749303250,565985304,blue_lagoon_imu
538072144,43.39565833333333,16.18988,1749303254,885233935,blue_lagoon_imu
238066340,43.461376666666666,16.235071666666666,1749303256,996673063,blue_lagoon_imu
203245328,43.40978833333333,16.172578333333334,1749303257,396641368,blue_lagoon_imu
238702640,43.514671666666665,16.231603333333332,1749303257,796771398,blue_lagoon_imu
232016168,43.40213166666667,16.149628333333332,1749303272,225829974,blue_lagoon_imu
238605740,43.46664666666667,16.202403333333333,1749303272,785433104,blue_lagoon_imu
538072144,43.396118333333334,16.190208333333334,1749303276,512906677,blue_lagoon_imu
238702640,43.51466833333333,16.231606666666668,1749303277,344596008,blue_lagoon_imu
319051600,43.51007333333333,16.245855,1749303279,952138784,blue_lagoon_imu
238850640,43.43848666666667,16.188478333333332,1749303280,143935478,blue_lagoon_imu
238139440,43.435895,16.17289,1749303283,231525690,blue_lagoon_imu
203245328,43.40955833333334,16.173503333333333,1749303286,510867114,blue_lagoon_imu
238322040,43.514605,16.23168,1749303286,702931518,blue_lagoon_imu
238066340,43.46070666666667,16.236188333333335,1749303287,150822162,blue_lagoon_imu
238396340,43.51503,16.231073333333335,1749303290,301847201,blue_lagoon_imu
203247262,43.4085,16.1823,1749303294,893547481,blue_lagoon_imu
538072144,43.39655,16.190585,1749303296,733236692,blue_lagoon_imu
238322040,43.514605,16.231678333333335,1749303297,68975971,blue_lagoon_imu
238396340,43.51503,16.23108,1749303299,884438151,blue_lagoon_imu
238858440,43.45538166666667,16.243011666666668,1749303301,132187845,blue_lagoon_imu
232016168,43.401756666666664,16.150568333333332,1749303301,292143262,blue_lagoon_imu
238107340,43.45175666666667,16.22146,1749303303,291940563,blue_lagoon_imu
238066340,43.460226666666664,16.237025,1749303308,682123756,blue_lagoon_imu
238850640,43.43763166666667,16.187538333333332,1749303308,938275778,blue_lagoon_imu
238066340,43.46004833333333,16.237333333333332,1749303317,445143,blue_lagoon_imu
203245328,43.409308333333335,16.17449166666667,1749303317,400551619,blue_lagoon_imu
538072144,43.3973,16.191365,1749303332,277420564,blue_lagoon_imu
259018870,43.44013833333333,16.17386,1749303332,469882997,blue_lagoon_imu
238858440,43.454771666666666,16.243905,1749303332,758299932,blue_lagoon_imu
538072144,43.39737,16.191456666666667,1749303336,517207762,blue_lagoon_imu
238702640,43.51466,16.23159,1749303337,348826084,blue_lagoon_imu
538072144,43.397418333333334,16.191525,1749303339,236672420,blue_lagoon_imu
238396340,43.515033333333335,16.231061666666665,1749303339,716581576,blue_lagoon_imu
538072144,43.397468333333336,16.191591666666667,1749303342,403955781,blue_lagoon_imu
538072144,43.397533333333335,16.191683333333334,1749303345,827342396,blue_lagoon_imu
203245328,43.40907166666667,16.17542,1749303346,514439135,blue_lagoon_imu
238322040,43.514605,16.231681666666667,1749303346,706393681,blue_lagoon_imu
238702640,43.514665,16.231605,1749303347,794149163,blue_lagoon_imu
538072144,43.397578333333335,16.19175,1749303349,346020197,blue_lagoon_imu
238396340,43.51503,16.231063333333335,1749303350,305682463,blue_lagoon_imu
244029246,91.0,181.0,1749303350,705807901,blue_lagoon_imu
538072144,43.39762,16.191818333333334,1749303352,417259576,blue_lagoon_imu
203247262,43.40793333333333,16.184516666666667,1749303354,896809518,blue_lagoon_imu
238702640,43.514665,16.231598333333334,1749303357,632345205,blue_lagoon_imu
538072144,43.39771833333333,16.191975,1749303359,104075266,blue_lagoon_imu
538072144,43.397756666666666,16.192045,1749303362,591377028,blue_lagoon_imu
238605740,43.465325,16.20456666666667,1749303363,56032055,blue_lagoon_imu
538072144,43.39781166666667,16.19214,1749303366,142526332,blue_lagoon_imu
238322040,43.514601666666664,16.231685,1749303366,702499495,blue_lagoon_imu
238066340,43.458911666666665,16.239285,1749303368,670039355,blue_lagoon_imu
238850640,43.435865,16.18562,1749303368,941997546,blue_lagoon_imu
538072144,43.39785,16.192211666666665,1749303369,405763429,blue_lagoon_imu
238396340,43.51503666666667,16.23106,1749303370,563696270,blue_lagoon_imu
538072144,43.39791666666667,16.192361666666667,1749303374,899057850,blue_lagoon_imu
240696200,43.468925,16.185865,1749303375,458628021,blue_lagoon_imu
238066340,43.458733333333335,16.239583333333332,1749303376,994513680,blue_lagoon_imu
203245328,43.408825,16.176413333333333,1749303377,394318918,blue_lagoon_imu
238702640,43.514665,16.23164166666667,1749303377,794378361,blue_lagoon_imu
538072144,43.397965,16.192461666666667,1749303379,234082940,blue_lagoon_imu
238396340,43.51501833333333,16.231081666666668,1749303391,759402969,blue_lagoon_imu
238107340,43.44963166666667,16.22223,1749303392,495136949,blue_lagoon_imu
238858440,43.453625,16.245591666666666,1749303392,751088553,blue_lagoon_imu
238794340,43.51463,16.23429,1749303395,262847111,blue_lagoon_imu
238702640,43.51466,16.231611666666666,1749303397,342528178,blue_lagoon_imu
238066340,43.458275,16.240385,1749303397,534244168,blue_lagoon_imu
238396340,43.51503,16.23107,1749303399,709949125,blue_lagoon_imu
319051600,43.51007333333333,16.245855,1749303399,950138186,blue_lagoon_imu
240696200,43.46815,16.186463333333332,1749303405,692646543,blue_lagoon_imu
238322040,43.51459833333333,16.231688333333334,1749303406,700427807,blue_lagoon_imu
238702640,43.514671666666665,16.231566666666666,1749303407,801213077,blue_lagoon_imu
238066340,43.45803166666666,16.240806666666668,1749303408,569086042,blue_lagoon_imu
538072144,43.39821833333333,16.19318833333333,1749303409,320985956,blue_lagoon_imu
238396340,43.515033333333335,16.231068333333333,1749303410,296466464,blue_lagoon_imu
203247262,43.40735,16.186753333333332,1749303414,216016388,blue_lagoon_imu
238322040,43.514601666666664,16.23169,1749303417,79347680,blue_lagoon_imu
238066340,43.45783333333333,16.241146666666666,1749303417,367305467,blue_lagoon_imu
238702640,43.51466833333333,16.23158,1749303417,639222960,blue_lagoon_imu
238047840,43.51567,16.231001666666668,1749303418,135251247,blue_lagoon_imu
238396340,43.515026666666664,16.231085,1749303419,878924148,blue_lagoon_imu
319051600,43.51007333333333,16.245855,1749303421,318346182,blue_lagoon_imu
238529240,43.514493333333334,16.2362,1749303422,38139483,blue_lagoon_imu
538072144,43.398291666666665,16.193483333333333,1749303422,246259526,blue_lagoon_imu
238605740,43.464441666666666,16.206036666666666,1749303423,46126164,blue_lagoon_imu
238794340,43.51463666666667,16.2343,1749303426,197680177,blue_lagoon_imu
238322040,43.514605,16.231691666666666,1749303426,709406649,blue_lagoon_imu
238702640,43.514665,16.231593333333333,1749303427,845350958,blue_lagoon_imu
238066340,43.45759,16.24157,1749303428,677065572,blue_lagoon_imu
238850640,43.43403833333333,16.183763333333335,1749303428,949162915,blue_lagoon_imu
238396340,43.51502333333333,16.231076666666667,1749303430,436751095,blue_lagoon_imu
261002610,43.494455,16.20122,1749303433,619917162,blue_lagoon_imu
538072144,43.398345,16.19374,1749303434,883745775,blue_lagoon_imu
240696200,43.46736666666666,16.187058333333333,1749303435,587515797,blue_lagoon_imu
247413360,43.483731666666664,16.210173333333334,1749303435,763514057,blue_lagoon_imu
238322040,43.514601666666664,16.231691666666666,1749303437,235226945,blue_lagoon_imu
238702640,43.514665,16.231605,1749303437,795014006,blue_lagoon_imu
319051600,43.51007,16.245855,1749303440,66673980,blue_lagoon_imu
238396340,43.51503,16.231096666666666,1749303440,642602457,blue_lagoon_imu
203247262,43.40703666666667,16.187805,1749303443,266066068,blue_lagoon_imu
215791000,43.511071666666666,16.244386666666667,1749303446,593277755,blue_lagoon_imu
238702640,43.51466,16.231605,1749303447,953440179,blue_lagoon_imu
238066340,43.457161666666664,16.242331666666665,1749303448,593075760,blue_lagoon_imu
248000196,43.51247,16.23875,1749303451,536178062,blue_lagoon_imu
232016168,43.39987166666667,16.155445,1749303452,96154917,blue_lagoon_imu
238605740,43.46400666666667,16.206813333333333,1749303452,783989625,blue_lagoon_imu
238858440,43.45247666666667,16.247276666666668,1749303453,231880457,blue_lagoon_imu
238794340,43.51464333333333,16.234303333333333,1749303455,263440602,blue_lagoon_imu
319051600,43.51007333333333,16.245855,1749303457,295139803,blue_lagoon_imu
238066340,43.45695666666666,16.24267,1749303457,534851903,blue_lagoon_imu
538072144,43.39839666666666,16.19410166666667,1749303459,342592497,blue_lagoon_imu
238396340,43.51503,16.231086666666666,1749303459,710526974,blue_lagoon_imu
319051600,43.51007333333333,16.245855,1749303459,951132910,blue_lagoon_imu
238850640,43.433033333333334,16.182733333333335,1749303461,630774684,blue_lagoon_imu
538072144,43.398406666666666,16.194146666666665,1749303462,781913003,blue_lagoon_imu
238139440,43.435875,16.1729,1749303463,229941154,blue_lagoon_imu
538072144,43.398406666666666,16.194168333333334,1749303465,293388368,blue_lagoon_imu
240696200,43.466573333333336,16.187665,1749303465,565849037,blue_lagoon_imu
203245328,43.40776666666667,16.178958333333334,1749303466,621751994,blue_lagoon_imu
238066340,43.456723333333336,16.243086666666667,1749303468,573029357,blue_lagoon_imu
538072144,43.39841333333333,16.194208333333332,1749303468,892884332,blue_lagoon_imu
203247262,43.40667166666667,16.188926666666667,1749303474,219721713,blue_lagoon_imu
538072144,43.39841666666667,16.194281666666665,1749303476,731795590,blue_lagoon_imu
238066340,43.456518333333335,16.243426666666668,1749303477,371066150,blue_lagoon_imu
238702640,43.51466,16.231608333333334,1749303477,642882235,blue_lagoon_imu
238858440,43.451933333333336,16.24807,1749303481,162236013,blue_lagoon_imu
538072144,43.39841333333333,16.19434,1749303482,809909525,blue_lagoon_imu
238605740,43.46354,16.207568333333334,1749303483,50348967,blue_lagoon_imu
238107340,43.44741166666667,16.222311666666666,1749303483,290326904,blue_lagoon_imu
538072144,43.39841333333333,16.194368333333333,1749303486,137788315,blue_lagoon_imu
238066340,43.45628166666667,16.24384166666667,1749303488,681119901,blue_lagoon_imu
238850640,43.43221833333333,16.181885,1749303488,936737596,blue_lagoon_imu
203245328,43.407331666666664,16.179793333333333,1749303497,910821197,blue_lagoon_imu
240696200,43.465756666666664,16.188271666666665,1749303498,870643904,blue_lagoon_imu
203247262,43.40633,16.18998,1749303503,269796717,blue_lagoon_imu
538072144,43.39841333333333,16.194498333333332,1749303504,998139051,blue_lagoon_imu
238066340,43.45585333333333,16.244605,1749303508,404853607,blue_lagoon_imu
259018870,43.44014333333333,16.173863333333333,1749303509,76629248,blue_lagoon_imu
232016168,43.399116666666664,16.157383333333332,1749303511,747797129,blue_lagoon_imu
238605740,43.463091666666664,16.208333333333332,1749303512,788274663,blue_lagoon_imu
238858440,43.45131833333333,16.24898,1749303513,268095982,blue_lagoon_imu
238107340,43.446765,16.222303333333333,1749303515,795305590,blue_lagoon_imu
538072144,43.39841333333333,16.194546666666668,1749303516,515356945,blue_lagoon_imu
238066340,43.455655,16.244941666666666,1749303517,522965183,blue_lagoon_imu
538072144,43.39841333333333,16.19456,1749303519,506512144,blue_lagoon_imu
238850640,43.431248333333336,16.180866666666667,1749303521,634208748,blue_lagoon_imu
538072144,43.39841666666667,16.19457166666667,1749303522,754904700,blue_lagoon_imu
538072144,43.39842,16.194576666666666,1749303525,297277724,blue_lagoon_imu
203245328,43.406925,16.18058,1749303526,625136406,blue_lagoon_imu
238066340,43.455418333333334,16.245353333333334,1749303528,576959571,blue_lagoon_imu
538072144,43.39842,16.194583333333334,1749303529,104873196,blue_lagoon_imu
538072144,43.398425,16.194588333333332,1749303532,512040139,blue_lagoon_imu
244029246,91.0,181.0,1749303532,831895010,blue_lagoon_imu
538072144,43.398428333333335,16.194593333333334,1749303536,303867984,blue_lagoon_imu
238066340,43.455216666666665,16.24569333333333,1749303537,374841308,blue_lagoon_imu
538072144,43.39843166666667,16.194596666666666,1749303538,910709209,blue_lagoon_imu
238858440,43.45078,16.249765,1749303541,150164121,blue_lagoon_imu
538072144,43.39843833333333,16.1946,1749303542,430036100,blue_lagoon_imu
538072144,43.39843833333333,16.194605,1749303546,141740684,blue_lagoon_imu
238066340,43.455005,16.24607,1749303547,324948339,blue_lagoon_imu
238850640,43.43040666666667,16.179993333333332,1749303548,940663370,blue_lagoon_imu
538072144,43.398451666666666,16.194615,1749303556,407642156,blue_lagoon_imu
203245328,43.406486666666666,16.181425,1749303557,910759393,blue_lagoon_imu
538072144,43.39846333333333,16.194623333333332,1749303564,997618516,blue_lagoon_imu
238066340,43.454546666666666,16.246861666666668,1749303568,404838043,blue_lagoon_imu
238605740,43.462131666666664,16.209866666666667,1749303572,788179898,blue_lagoon_imu
238858440,43.450156666666665,16.250661666666666,1749303573,268685126,blue_lagoon_imu
232016168,43.398345,16.159393333333334,1749303574,563726197,blue_lagoon_imu
238107340,43.44559,16.222561666666667,1749303575,795340608,blue_lagoon_imu
538072144,43.39848666666666,16.19461666666667,1749303576,515502888,blue_lagoon_imu
238702640,43.51466,16.231605,1749303576,995416741,blue_lagoon_imu
238850640,43.42941833333333,16.178948333333334,1749303581,634375796,blue_lagoon_imu
538072144,43.398511666666664,16.194585,1749303585,297941611,blue_lagoon_imu
203245328,43.40608666666667,16.182221666666667,1749303586,625958988,blue_lagoon_imu
319051600,43.51007333333333,16.24585666666667,1749303587,73396120,blue_lagoon_imu
238066340,43.454118333333334,16.247621666666667,1749303588,577067746,blue_lagoon_imu
248000196,43.512525,16.238758333333333,1749303593,136062631,blue_lagoon_imu
203247262,43.405231666666666,16.193238333333333,1749303594,223647133,blue_lagoon_imu
538072144,43.398543333333336,16.194546666666668,1749303596,303530929,blue_lagoon_imu
238066340,43.453923333333336,16.247965,1749303597,375132020,blue_lagoon_imu
238702640,43.51466833333333,16.231608333333334,1749303597,630888357,blue_lagoon_imu
319051600,43.51007333333333,16.245855,1749303600,750871628,blue_lagoon_imu
238858440,43.449603333333336,16.251466666666666,1749303602,14136534,blue_lagoon_imu
238605740,43.461693333333336,16.210613333333335,1749303602,862187221,blue_lagoon_imu
238107340,43.44499166666667,16.22270333333333,1749303604,813799654,blue_lagoon_imu
538072144,43.39857333333333,16.194516666666665,1749303606,141506968,blue_lagoon_imu
238066340,43.453725,16.248303333333332,1749303607,325426375,blue_lagoon_imu
238702640,43.514665,16.231603333333332,1749303607,454115030,blue_lagoon_imu
319169300,43.50937666666667,16.246028333333335,1749303609,485067319,blue_lagoon_imu
238396340,43.515033333333335,16.231098333333332,1749303610,428886515,blue_lagoon_imu
238850640,43.42855,16.17802,1749303610,572538903,blue_lagoon_imu
248000196,43.51253166666667,16.238756666666667,1749303611,979962649,blue_lagoon_imu
240696200,43.462556666666664,16.19078,1749303615,563417537,blue_lagoon_imu
538072144,43.398595,16.194485,1749303616,411592898,blue_lagoon_imu
238702640,43.51466833333333,16.231601666666666,1749303617,802989002,blue_lagoon_imu
238066340,43.45348166666667,16.248716666666667,1749303618,11036390,blue_lagoon_imu
238396340,43.51503666666667,16.231093333333334,1749303619,690688506,blue_lagoon_imu
319051600,43.51007333333333,16.245855,1749303620,59205767,blue_lagoon_imu
203247262,43.40486333333333,16.194263333333332,1749303623,258478711,blue_lagoon_imu
538072144,43.39861833333333,16.194458333333333,1749303625,1554398,blue_lagoon_imu
215791000,43.511071666666666,16.244386666666667,1749303626,297266025,blue_lagoon_imu
238066340,43.45323833333333,16.249121666666667,1749303628,409359457,blue_lagoon_imu
238396340,43.51503,16.231101666666667,1749303631,560822585,blue_lagoon_imu
238605740,43.461245,16.211346666666667,1749303631,800842272,blue_lagoon_imu
232016168,43.397635,16.161266666666666,1749303633,112228628,blue_lagoon_imu
238858440,43.448991666666664,16.252323333333333,1749303633,272111131,blue_lagoon_imu
538072144,43.398646666666664,16.194423333333333,1749303636,727928297,blue_lagoon_imu
238702640,43.514665,16.231601666666666,1749303636,999754493,blue_lagoon_imu
238066340,43.45303333333333,16.249455,1749303637,527046177,blue_lagoon_imu
238396340,43.515033333333335,16.231096666666666,1749303639,718600353,blue_lagoon_imu
319051600,43.51007333333333,16.245855,1749303639,959121619,blue_lagoon_imu
238850640,43.42762,16.177041666666668,1749303641,638734307,blue_lagoon_imu
238139440,43.43586,16.172946666666668,1749303642,470228701,blue_lagoon_imu
538072144,43.39866,16.194401666666668,1749303645,286114420,blue_lagoon_imu
240696200,43.46176666666667,16.191398333333332,1749303645,477371175,blue_lagoon_imu
238201000,43.35634,16.40754,1749303645,797280782,blue_lagoon_imu
203245328,43.405258333333336,16.183876666666666,1749303646,629076794,blue_lagoon_imu
261034450,43.44586,16.266598333333334,1749303647,188906604,blue_lagoon_imu
238066340,43.45279,16.249858333333332,1749303648,564715344,blue_lagoon_imu
238396340,43.51503666666667,16.231095,1749303651,557455818,blue_lagoon_imu
203247262,43.40434,16.19522,1749303654,227551581,blue_lagoon_imu
238613410,43.47699166666666,16.33797,1749303655,763259709,blue_lagoon_imu
538072144,43.398685,16.194373333333335,1749303656,307116747,blue_lagoon_imu
238066340,43.45258833333333,16.250193333333332,1749303657,363405461,blue_lagoon_imu
238702640,43.514665,16.231605,1749303657,634742880,blue_lagoon_imu
238396340,43.51503666666667,16.231088333333332,1749303659,954812842,blue_lagoon_imu
238605740,43.460755,16.21216,1749303662,866130331,blue_lagoon_imu
538072144,43.3987,16.194348333333334,1749303666,145209672,blue_lagoon_imu
238066340,43.45239,16.25053,1749303667,312901033,blue_lagoon_imu
209510000,43.500348333333335,16.44178,1749303669,184468455,blue_lagoon_imu
238396340,43.515033333333335,16.23109,1749303670,432211053,blue_lagoon_imu
248000196,43.51250833333334,16.238758333333333,1749303671,984341938,blue_lagoon_imu
238613410,43.47707166666667,16.33892,1749303674,335307554,blue_lagoon_imu
240696200,43.460966666666664,16.192038333333333,1749303675,583655000,blue_lagoon_imu
538072144,43.398716666666665,16.19433,1749303676,415361096,blue_lagoon_imu
238702640,43.514665,16.231611666666666,1749303677,583345579,blue_lagoon_imu
203245328,43.404828333333334,16.184723333333334,1749303677,903185111,blue_lagoon_imu
238396340,43.51503666666667,16.231081666666668,1749303679,694362402,blue_lagoon_imu
319051600,43.51007,16.245853333333333,1749303680,62362025,blue_lagoon_imu
319011100,43.510931666666664,16.244016666666667,1749303681,454650998,blue_lagoon_imu
238858440,43.44782,16.253983333333334,1749303693,291590721,blue_lagoon_imu
238613410,43.477196666666664,16.339973333333333,1749303694,331935550,blue_lagoon_imu
538072144,43.39875166666667,16.194298333333332,1749303696,731197219,blue_lagoon_imu
238702640,43.514671666666665,16.231598333333334,1749303697,2907124,blue_lagoon_imu
319051600,43.51007,16.245853333333333,1749303697,291186411,blue_lagoon_imu
238066340,43.451725,16.25171,1749303697,531259649,blue_lagoon_imu
238396340,43.51503666666667,16.231083333333334,1749303700,602443816,blue_lagoon_imu
238850640,43.425805,16.175135,1749303701,642382186,blue_lagoon_imu
